0EtcGmf2mVZbHWq2ZGP3t7,Jessie Ware,Spotlight,137,5
1T4k0sw0HldDg004Kw4Oct,Lil Baby ft Fridayy,Forever,614,4
2ZRo7axmMPeSVUvDbGkJah,X,Hope,327,5
5KE9b4x7Zj2A8XtbkqhqTe,Post Malone (ft. SZA),Staring at the sun,269,5
25AvaE23MXl06YRtQcQoJS,Bo Burnham,Welcome to the Internet,428,5
25AvaE23MXl06YRtQcQoJS,Bo Burnham,Welcome to the Internet,23,1
1GfBLbAhZUWdseuDqhocmn,Skrillex,Rumble,321,4
1GfBLbAhZUWdseuDqhocmn,Skrillex,Rumble,47,5
1GfBLbAhZUWdseuDqhocmn,Skrillex,Rumble,165,5
1GfBLbAhZUWdseuDqhocmn,Skrillex,Rumble,616,5
1GfBLbAhZUWdseuDqhocmn,Skrillex,Rumble,350,3
1GfBLbAhZUWdseuDqhocmn,Skrillex,Rumble,331,4
1GfBLbAhZUWdseuDqhocmn,Skrillex,Rumble,92,5
1GfBLbAhZUWdseuDqhocmn,Skrillex,Rumble,537,5
1GfBLbAhZUWdseuDqhocmn,Skrillex,Rumble,359,4